time_utc,side,predicted_bps,move_bps,net_after_maker_bps
2026-09-06 00:34:40,long,6.01,-47.34,-51.34
2026-09-06 00:56:36,long,7.31,196.55,192.55
2026-09-06 01:11:36,long,6.91,20.22,16.22
2026-09-06 01:28:42,long,8.95,48.27,44.27
2026-09-06 01:53:38,long,6.03,-29.04,-33.04
2026-09-06 02:21:18,long,6.35,-71.12,-75.12
2026-09-06 02:47:18,long,7.41,-63.8,-67.8
2026-09-06 03:55:44,long,6.03,-46.93,-50.93
2026-09-06 04:13:00,long,6.08,-41.93,-45.93
2026-09-06 04:31:34,long,6.15,-76.42,-80.42
2026-09-06 05:34:36,long,6.29,-94.72,-98.72
2026-09-06 07:09:38,long,10.83,17.2,13.2
2026-09-06 07:30:46,long,8.9,-12.27,-16.27
2026-09-06 07:55:16,long,6.19,-15.85,-19.85
2026-09-06 09:42:42,long,6.47,-6.43,-10.43
2026-09-06 10:30:56,long,6.35,23.71,19.71
2026-09-06 12:16:44,long,6.04,-1.41,-5.41
2026-09-06 14:02:38,long,6.07,-31.7,-35.7
2026-09-06 14:17:38,long,6.01,-49.87,-53.87
2026-09-06 14:32:58,long,6.08,113.92,109.92
2026-09-06 14:52:08,long,6.35,-43.68,-47.68
2026-09-06 16:14:20,long,6.72,353.57,349.57
2026-09-06 16:29:20,long,23.73,-61.59,-65.59
2026-09-06 16:58:24,long,6.05,-38.09,-42.09
2026-09-06 18:43:20,long,7.94,74.42,70.42
2026-09-06 23:58:54,long,6.14,-67.84,-71.84
2026-09-07 00:54:34,long,6.05,-12.6,-16.6
2026-09-07 01:49:30,long,6.39,29.65,25.65
2026-09-07 02:11:16,long,6.69,-4.26,-8.26
2026-09-07 03:35:16,long,7.02,28.6,24.6
2026-09-07 04:05:16,long,6.45,113.76,109.76
2026-09-07 06:51:50,long,6.13,18.35,14.35
2026-09-07 07:39:20,long,6.09,81.72,77.72
2026-09-07 09:55:44,long,6.3,-27.23,-31.23
2026-09-07 10:15:16,long,6.4,53.86,49.86
2026-09-07 10:53:02,long,6.1,-11.33,-15.33
2026-09-07 12:22:52,long,6.07,8.46,4.46
2026-09-07 12:48:58,long,6.25,-79.1,-83.1
2026-09-07 13:58:36,long,6.03,-45.87,-49.87
2026-09-07 15:08:04,long,6.01,39.91,35.91
2026-09-07 15:26:42,long,9.32,-149.01,-153.01
2026-09-07 15:46:12,long,6.47,-44.72,-48.72
2026-09-07 16:13:44,long,6.4,35.33,31.33
2026-09-07 22:40:04,long,9.52,122.45,118.45
2026-09-07 23:46:02,long,6.07,-36.3,-40.3
2026-09-08 01:04:04,long,6.09,90.19,86.19
2026-09-08 03:02:00,long,6.17,-2.14,-6.14
2026-09-08 03:22:02,long,6.09,89.66,85.66
2026-09-08 03:58:36,long,6.05,-18.53,-22.53
2026-09-08 05:37:06,long,6.02,48.37,44.37
2026-09-08 06:33:42,long,6.52,32.0,28.0
2026-09-08 07:30:08,long,6.0,-26.74,-30.74
2026-09-08 08:55:44,long,6.04,12.79,8.79
2026-09-08 09:13:30,long,6.18,54.9,50.9
2026-09-08 09:45:02,long,6.05,-65.59,-69.59
2026-09-08 10:23:02,long,6.09,-88.3,-92.3
2026-09-08 13:33:50,long,6.23,10.14,6.14
2026-09-08 13:56:30,long,6.17,47.86,43.86
2026-09-08 15:31:46,long,6.07,68.78,64.78
2026-09-08 18:02:10,long,6.01,67.14,63.14
2026-09-08 18:53:10,long,6.23,41.94,37.94
2026-09-08 21:23:12,long,10.36,53.84,49.84
2026-09-08 22:13:30,long,6.01,27.6,23.6
2026-09-09 01:09:30,long,6.14,-25.17,-29.17
2026-09-09 02:18:48,long,6.03,-50.68,-54.68
2026-09-09 03:19:52,long,6.35,-16.19,-20.19
2026-09-09 03:57:10,long,6.2,44.2,40.2
2026-09-09 04:49:24,long,6.31,-21.74,-25.74
2026-09-09 05:10:50,long,6.45,29.82,25.82
2026-09-09 07:57:26,long,6.13,66.21,62.21
2026-09-09 09:49:00,long,6.18,10.52,6.52
2026-09-09 10:12:52,long,6.73,24.23,20.23
2026-09-09 10:40:34,long,6.3,-8.25,-12.25
2026-09-09 11:28:00,long,6.13,33.78,29.78
2026-09-09 13:08:58,long,6.02,-23.86,-27.86
2026-09-09 13:24:00,long,6.04,-21.68,-25.68
2026-09-09 13:56:38,long,6.28,-75.22,-79.22
2026-09-09 14:31:08,long,6.01,-42.02,-46.02
2026-09-09 15:11:48,long,6.05,-65.66,-69.66
2026-09-09 17:21:30,long,6.7,-2.27,-6.27
2026-09-09 20:19:44,long,6.03,-49.54,-53.54
2026-09-09 20:53:38,long,6.02,5.5,1.5
2026-09-09 22:06:22,long,6.14,-23.98,-27.98
2026-09-09 22:34:26,long,6.03,-33.98,-37.98
2026-09-09 22:54:06,long,6.58,-8.12,-12.12
2026-09-10 00:44:56,long,6.18,56.52,52.52
2026-09-10 01:10:20,long,6.59,-49.94,-53.94
2026-09-10 01:37:44,long,8.18,-144.68,-148.68
2026-09-10 03:45:46,long,6.31,0.0,-4.0
2026-09-10 06:11:16,long,6.17,-84.93,-88.93
2026-09-10 06:26:22,long,6.12,75.97,71.97
2026-09-10 07:09:34,long,6.03,-25.86,-29.86
2026-09-10 08:08:02,long,6.14,-2.51,-6.51
2026-09-10 12:30:36,long,6.17,-0.84,-4.84
2026-09-10 12:46:30,long,7.82,-17.74,-21.74
2026-09-10 16:24:08,long,6.24,-0.84,-4.84
2026-09-10 18:07:10,long,6.22,4.15,0.15
2026-09-10 18:31:24,long,6.18,19.06,15.06
2026-09-10 20:57:40,long,6.55,-14.83,-18.83
2026-09-10 23:25:40,long,6.18,-25.13,-29.13
2026-09-10 23:48:48,long,7.08,45.34,41.34
2026-09-11 00:26:50,long,6.23,-8.31,-12.31
2026-09-11 00:55:02,long,7.97,36.47,32.47
2026-09-11 01:29:02,long,6.01,-114.32,-118.32
2026-09-11 01:53:06,long,6.68,18.36,14.36
2026-09-11 02:39:42,long,6.32,-48.28,-52.28
2026-09-11 02:54:42,long,6.37,-30.95,-34.95
2026-09-11 03:14:18,long,6.31,-20.88,-24.88
2026-09-11 03:34:56,long,6.09,29.34,25.34
2026-09-11 03:53:46,long,6.11,40.84,36.84
2026-09-11 04:09:24,long,6.57,95.48,91.48
2026-09-11 04:41:38,long,6.0,99.75,95.75
2026-09-11 05:26:54,long,6.0,-53.61,-57.61
2026-09-11 05:43:42,long,6.1,43.23,39.23
2026-09-11 06:02:38,long,6.14,68.18,64.18
2026-09-11 06:40:02,long,6.46,-16.22,-20.22
2026-09-11 07:04:56,long,6.08,-73.14,-77.14
2026-09-11 07:33:08,long,6.32,-37.67,-41.67
2026-09-11 08:14:06,long,6.12,-5.76,-9.76
2026-09-11 08:39:56,long,6.24,-53.35,-57.35
2026-09-11 09:49:22,long,6.12,55.63,51.63
2026-09-11 11:48:14,long,6.26,-7.52,-11.52
2026-09-11 12:30:02,long,7.31,240.83,236.83
2026-09-11 13:43:46,long,6.06,395.95,391.95
2026-09-11 14:03:42,long,6.12,-190.19,-194.19
2026-09-11 15:11:06,long,6.27,56.28,52.28
2026-09-11 15:52:18,long,6.5,8.04,4.04
2026-09-11 16:43:58,long,6.14,68.39,64.39
2026-09-11 16:59:52,long,6.12,-95.54,-99.54
2026-09-11 18:04:34,long,6.57,98.58,94.58
2026-09-11 18:29:08,long,6.53,-80.57,-84.57
2026-09-11 19:22:10,long,6.68,36.36,32.36
2026-09-11 19:37:34,long,6.47,7.41,3.41
2026-09-11 19:53:40,long,6.07,22.21,18.21
2026-09-11 20:34:42,long,6.01,17.36,13.36
2026-09-11 21:16:12,long,6.32,-39.44,-43.44
2026-09-11 21:34:48,long,6.36,-70.92,-74.92
2026-09-11 21:59:58,long,6.32,47.61,43.61
2026-09-11 22:14:58,long,10.63,-15.8,-19.8
2026-09-11 22:55:42,long,6.84,13.39,9.39
2026-09-11 23:46:24,long,6.76,29.27,25.27
2026-09-12 00:54:48,long,6.02,22.4,18.4
2026-09-12 01:22:10,long,6.37,-56.35,-60.35
2026-09-12 01:37:58,long,6.7,54.25,50.25
2026-09-12 02:16:18,long,6.02,55.48,51.48
2026-09-12 02:37:18,long,6.32,16.46,12.46
2026-09-12 03:18:00,long,6.12,-28.56,-32.56
2026-09-12 03:38:58,long,6.46,45.76,41.76
2026-09-12 03:55:10,long,6.39,-29.28,-33.28
2026-09-12 04:14:04,long,6.32,31.77,27.77
2026-09-12 04:40:42,long,6.17,21.09,17.09
2026-09-12 04:56:08,long,6.09,-24.26,-28.26
2026-09-12 05:44:26,long,6.13,56.54,52.54
2026-09-12 06:10:22,long,6.24,55.82,51.82
2026-09-12 06:25:26,long,7.17,57.1,53.1
2026-09-12 06:53:12,long,6.5,23.16,19.16
2026-09-12 07:22:44,long,6.88,34.09,30.09
2026-09-12 07:59:08,long,6.03,34.66,30.66
2026-09-12 10:09:46,long,6.56,-14.92,-18.92
2026-09-12 10:25:52,long,6.29,-14.14,-18.14
2026-09-12 10:47:48,long,6.7,-37.7,-41.7
2026-09-12 11:15:50,long,6.96,-55.81,-59.81
2026-09-12 11:40:32,long,6.65,36.21,32.21
2026-09-12 12:39:40,long,6.03,-165.62,-169.62
2026-09-12 13:54:38,long,6.05,65.03,61.03
2026-09-12 14:39:34,long,7.16,3.9,-0.1
2026-09-12 14:55:10,long,6.21,67.87,63.87
2026-09-12 16:49:18,long,6.57,-10.18,-14.18
2026-09-12 17:29:58,long,6.35,-77.44,-81.44
2026-09-12 17:55:24,long,6.01,-32.42,-36.42
2026-09-12 18:17:58,long,6.06,15.89,11.89
2026-09-12 18:44:16,long,6.99,-6.34,-10.34
2026-09-12 18:59:50,long,6.45,13.49,9.49
2026-09-12 19:23:46,long,6.08,-32.58,-36.58
2026-09-12 19:39:56,long,6.49,27.12,23.12
2026-09-12 19:55:34,long,6.37,96.14,92.14
2026-09-12 20:13:14,long,6.42,2.36,-1.64
2026-09-12 20:29:30,long,6.01,15.76,11.76
2026-09-12 20:52:26,long,6.22,-17.32,-21.32
2026-09-12 21:10:00,long,6.02,5.52,1.52
2026-09-12 21:29:32,long,6.12,-3.15,-7.15
2026-09-12 21:48:32,long,8.06,53.78,49.78
2026-09-12 22:08:06,long,6.23,18.87,14.87
2026-09-12 22:39:16,long,6.24,6.31,2.31
2026-09-12 23:24:12,long,6.21,26.05,22.05
2026-09-12 23:41:36,long,6.1,26.77,22.77
2026-09-13 00:24:14,long,6.02,-12.41,-16.41
2026-09-13 00:43:58,long,6.03,-10.9,-14.9
2026-09-13 01:13:42,long,6.24,-24.26,-28.26
2026-09-13 02:10:46,long,6.05,-2.36,-6.36
2026-09-13 02:26:06,long,7.22,23.56,19.56
2026-09-13 02:43:32,long,6.65,26.61,22.61
2026-09-13 04:00:04,long,6.05,14.94,10.94
2026-09-13 04:23:38,long,6.44,13.36,9.36
2026-09-13 04:39:42,long,6.07,-6.28,-10.28
2026-09-13 05:10:46,long,6.52,-7.84,-11.84
2026-09-13 05:28:26,long,6.23,16.47,12.47
2026-09-13 05:43:34,long,6.22,34.46,30.46
2026-09-13 06:19:22,long,6.36,-39.08,-43.08
2026-09-13 06:35:52,long,6.69,-7.84,-11.84
2026-09-13 07:24:14,long,6.12,-59.94,-63.94
2026-09-13 07:50:52,long,6.88,-26.96,-30.96
2026-09-13 08:40:04,long,7.04,89.34,85.34
2026-09-13 10:09:56,long,6.56,-29.74,-33.74
2026-09-13 10:29:52,long,6.17,-24.99,-28.99
2026-09-13 11:19:36,long,6.01,-0.8,-4.8
2026-09-13 11:43:56,long,6.34,-38.16,-42.16
2026-09-13 12:12:40,long,6.01,26.41,22.41
2026-09-13 12:27:58,long,6.09,1.6,-2.4
2026-09-13 12:59:54,long,6.14,-16.77,-20.77
2026-09-13 13:23:36,long,6.4,-8.02,-12.02
2026-09-13 13:38:48,long,6.11,56.16,52.16
2026-09-13 13:57:32,long,6.25,103.06,99.06
2026-09-13 14:24:22,long,6.05,47.52,43.52
2026-09-13 15:09:48,long,6.1,-2.39,-6.39
2026-09-13 15:28:48,long,6.15,-14.38,-18.38
2026-09-13 16:23:46,long,6.05,-11.17,-15.17
2026-09-13 16:43:12,long,6.04,46.26,42.26
2026-09-13 17:19:24,long,6.05,-14.97,-18.97
2026-09-13 18:05:38,long,6.39,35.6,31.6
2026-09-13 18:21:02,long,6.21,3.94,-0.06
2026-09-13 18:41:58,long,7.05,-5.52,-9.52
2026-09-13 19:02:48,long,6.14,-93.05,-97.05
2026-09-13 19:18:32,long,6.11,-42.2,-46.2
2026-09-13 19:44:50,long,6.78,-11.21,-15.21
2026-09-13 20:09:46,long,6.02,29.66,25.66
2026-09-13 20:24:46,long,6.22,15.19,11.19
2026-09-13 20:44:22,long,6.12,18.34,14.34
2026-09-13 21:07:46,long,6.06,11.15,7.15
2026-09-13 21:32:30,long,6.48,-10.36,-14.36
2026-09-13 21:52:50,long,6.24,-86.37,-90.37
2026-09-13 22:08:58,long,6.09,-85.17,-89.17
2026-09-13 22:41:00,long,6.06,26.95,22.95
2026-09-13 23:59:26,long,6.32,19.6,15.6
2026-09-14 00:14:32,long,6.04,-76.57,-80.57
2026-09-14 00:35:48,long,6.31,46.29,42.29
2026-09-14 00:53:40,long,6.25,-21.0,-25.0
2026-09-14 01:44:56,long,6.79,126.67,122.67
2026-09-14 02:11:54,long,7.14,91.01,87.01
2026-09-14 03:49:40,long,6.07,-45.26,-49.26
2026-09-14 04:45:06,long,7.0,-0.78,-4.78
2026-09-14 05:12:48,long,6.06,6.31,2.31
2026-09-14 05:40:32,long,6.14,-46.22,-50.22
2026-09-14 05:55:42,long,6.1,22.03,18.03
2026-09-14 06:10:42,long,6.06,-76.16,-80.16
2026-09-14 06:40:10,long,6.17,49.36,45.36
2026-09-14 06:59:42,long,6.12,23.81,19.81
2026-09-14 07:14:50,long,6.32,16.63,12.63
2026-09-14 07:32:54,long,6.5,20.54,16.54
2026-09-14 07:51:16,long,6.01,5.53,1.53
2026-09-14 08:09:48,long,6.1,-5.52,-9.52
2026-09-14 08:59:58,long,6.52,-26.99,-30.99
2026-09-14 09:46:08,long,6.67,29.36,25.36
2026-09-14 11:14:42,long,6.05,31.78,27.78
2026-09-14 11:32:32,long,6.12,-16.63,-20.63
2026-09-14 11:51:14,long,6.17,-20.61,-24.61
2026-09-14 12:07:02,long,6.22,15.1,11.1
2026-09-14 13:01:04,long,6.02,61.38,57.38
2026-09-14 14:27:58,long,6.26,6.32,2.32
2026-09-14 16:35:06,long,6.96,52.78,48.78
2026-09-14 17:09:52,long,6.25,64.09,60.09
2026-09-14 17:40:46,long,6.28,46.83,42.83
2026-09-14 20:56:48,long,6.07,-124.5,-128.5
2026-09-14 21:30:48,long,6.12,-96.01,-100.01
2026-09-14 22:15:54,long,6.06,-73.0,-77.0
2026-09-14 22:39:54,long,7.29,19.17,15.17
2026-09-14 22:55:02,long,6.16,-9.18,-13.18
2026-09-14 23:10:44,long,6.26,81.95,77.95
2026-09-14 23:25:54,long,6.3,-58.51,-62.51
2026-09-14 23:59:50,long,6.38,38.3,34.3
2026-09-15 03:14:40,long,9.07,37.0,33.0
2026-09-15 03:44:10,long,6.46,-13.72,-17.72
2026-09-15 05:40:08,long,6.05,198.35,194.35
2026-09-15 06:29:56,long,6.24,-44.98,-48.98
2026-09-15 08:09:14,long,6.6,95.27,91.27
2026-09-15 08:53:06,long,6.07,-54.42,-58.42
2026-09-15 10:28:26,long,6.02,83.5,79.5
2026-09-15 11:33:06,long,6.64,8.26,4.26
2026-09-15 12:45:32,long,6.42,50.86,46.86
2026-09-15 13:19:30,long,6.04,-75.05,-79.05
2026-09-15 13:49:44,long,6.02,-184.71,-188.71
2026-09-15 14:04:46,long,6.32,-142.51,-146.51
2026-09-15 14:40:48,long,6.64,-36.86,-40.86
2026-09-15 15:00:58,long,6.53,83.17,79.17
2026-09-15 18:37:10,long,7.0,-82.08,-86.08
2026-09-15 20:49:06,long,6.25,-19.01,-23.01
2026-09-15 22:14:46,long,6.42,35.26,31.26
2026-09-15 22:41:04,long,6.23,61.75,57.75
2026-09-15 23:58:52,long,8.29,-62.82,-66.82
2026-09-16 10:28:48,long,6.02,-18.16,-22.16
2026-09-16 16:18:50,long,7.44,-132.09,-136.09
2026-09-16 18:00:14,long,6.87,303.4,299.4
2026-09-16 18:36:34,long,6.35,67.71,63.71
2026-09-16 23:38:44,long,6.68,195.23,191.23
2026-09-17 02:38:16,long,6.23,-17.87,-21.87
2026-09-17 14:00:06,long,6.51,60.23,56.23
2026-09-17 14:50:30,long,7.89,-104.48,-108.48
2026-09-17 15:53:40,long,6.25,-67.6,-71.6
2026-09-17 16:48:20,long,6.37,450.12,446.12
2026-09-17 22:11:02,long,7.73,-28.25,-32.25
2026-09-17 23:53:14,long,6.24,56.1,52.1
2026-09-18 01:57:50,long,7.56,-84.88,-88.88
2026-09-18 03:12:06,long,9.74,465.26,461.26
2026-09-18 03:30:20,long,6.19,206.38,202.38
2026-09-18 03:45:20,long,13.81,-120.3,-124.3
2026-09-18 04:31:50,long,6.14,149.74,145.74
2026-09-18 06:46:28,long,7.64,-56.72,-60.72
2026-09-18 07:27:08,long,6.49,-16.0,-20.0
2026-09-18 08:32:40,long,6.12,95.69,91.69
2026-09-18 08:47:52,long,6.17,7.28,3.28
2026-09-18 09:48:28,long,6.05,74.13,70.13
2026-09-18 10:10:30,long,7.47,45.09,41.09
2026-09-18 10:39:02,long,6.29,-224.09,-228.09
2026-09-18 10:54:02,long,24.74,-223.62,-227.62
2026-09-18 11:30:02,long,6.96,162.65,158.65
2026-09-18 12:00:36,long,8.18,181.83,177.83
2026-09-18 12:56:02,long,6.16,25.54,21.54
2026-09-18 13:20:46,long,6.2,-116.92,-120.92
2026-09-18 13:54:06,long,6.55,70.68,66.68
2026-09-18 16:26:00,long,6.97,-52.75,-56.75
2026-09-18 18:50:02,long,6.28,26.58,22.58
2026-09-19 06:36:54,long,6.46,-78.99,-82.99
2026-09-19 08:27:22,long,6.95,-34.29,-38.29
2026-09-19 09:19:18,long,6.13,20.78,16.78
2026-09-19 12:56:32,long,6.4,-54.26,-58.26
2026-09-19 16:01:54,long,7.75,108.01,104.01
2026-09-19 21:18:00,long,11.16,11.15,7.15
2026-09-20 02:59:02,long,7.03,61.04,57.04
2026-09-20 06:40:58,long,9.48,-31.62,-35.62
2026-09-20 16:44:54,long,68.03,31.37,27.37
2026-09-20 21:02:04,long,8.91,61.95,57.95
2026-09-20 22:13:56,long,7.54,-90.94,-94.94
2026-09-20 23:04:46,long,17.78,152.95,148.95
2026-09-21 01:27:46,long,6.47,-33.17,-37.17
2026-09-21 09:18:46,long,6.42,37.88,33.88
2026-09-21 09:52:10,long,6.69,2.23,-1.77
2026-09-21 12:04:40,long,7.12,151.67,147.67
2026-09-21 14:06:00,long,7.5,87.07,83.07
2026-09-21 14:58:30,long,6.15,6.78,2.78
2026-09-21 15:22:06,long,7.13,109.68,105.68
2026-09-22 01:03:18,long,7.57,-33.41,-37.41
2026-09-22 03:20:50,long,6.95,86.74,82.74
2026-09-22 05:30:04,long,6.21,146.2,142.2
2026-09-22 09:06:40,long,6.46,37.19,33.19
2026-09-22 12:30:22,long,6.39,350.13,346.13
2026-09-22 12:49:58,long,8.4,155.1,151.1
2026-09-22 13:04:58,long,9.87,-282.01,-286.01
2026-09-22 13:20:04,long,8.35,-156.48,-160.48
2026-09-22 13:40:08,long,6.19,32.64,28.64
2026-09-22 14:01:06,long,6.73,1.67,-2.33
2026-09-22 14:30:56,long,6.4,-3.95,-7.95
2026-09-22 15:03:14,long,6.21,-1.1,-5.1
2026-09-22 15:18:20,long,7.2,8.64,4.64
2026-09-22 15:38:46,long,6.35,-55.74,-59.74
2026-09-22 22:18:44,long,6.43,109.7,105.7
2026-09-22 22:40:16,long,6.47,218.87,214.87
2026-09-22 22:55:30,long,6.33,-51.07,-55.07
2026-09-22 23:13:30,long,6.05,-26.67,-30.67
2026-09-23 00:03:16,long,9.09,33.69,29.69
2026-09-23 01:20:40,long,6.03,-351.02,-355.02
2026-09-23 02:13:32,long,16.98,141.53,137.53
2026-09-23 04:03:22,long,7.26,-144.28,-148.28
2026-09-23 04:45:28,long,6.12,-35.23,-39.23
2026-09-23 08:51:48,long,6.68,42.79,38.79
2026-09-23 10:17:18,long,10.24,-259.25,-263.25
2026-09-23 11:20:18,long,10.58,-52.09,-56.09
2026-09-23 12:52:00,long,7.41,-8.85,-12.85
2026-09-23 13:10:52,long,7.97,33.13,29.13
2026-09-23 14:08:22,long,6.07,-158.03,-162.03
2026-09-23 14:27:08,long,6.64,95.73,91.73
2026-09-23 16:02:16,long,6.12,124.12,120.12
2026-09-23 22:19:24,long,6.02,-72.58,-76.58
2026-09-24 09:11:46,long,18.62,-108.6,-112.6
2026-09-24 14:50:34,long,6.02,105.2,101.2
2026-09-25 11:14:42,long,7.18,-103.19,-107.19
2026-09-25 11:34:40,long,6.5,-18.44,-22.44
2026-09-25 12:16:24,long,10.52,147.8,143.8
2026-09-25 13:47:22,long,6.15,18.7,14.7
2026-09-25 14:03:30,long,6.23,73.27,69.27
2026-09-25 21:17:46,long,7.45,10.59,6.59
